university,dept_name,uni_slug,url,n_html_files,n_parsed_recs,status,school_snaps,school_html,new_url
Indiana University Indianapolis,Computer Science (Luddy School),indiana_university_indianapolis,http://www.cs.iupui.edu/people/faculty.shtml,0,0,empty,4,0,
Indiana University Indianapolis,Computer Science (Luddy School),indiana_university_indianapolis,https://luddy.indianapolis.iu.edu/about/departments/cs/index.html,0,724,empty,4,0,
Indiana University Indianapolis,Computer Science (Luddy School),indiana_university_indianapolis,http://soic.iupui.edu/people/,0,0,ok,4,0,
Indiana University Indianapolis,Computer Science (Luddy School),indiana_university_indianapolis,https://luddy.indianapolis.iu.edu/contact/directory/index.html,0,0,ok,4,0,
College of William & Mary,Computer Science,college_of_william_mary,http://www.cs.wm.edu/faculty/,0,0,empty,8,0,
College of William & Mary,Computer Science,college_of_william_mary,http://www.cs.wm.edu/people/faculty/,0,0,empty,8,0,
College of William & Mary,Computer Science,college_of_william_mary,https://www.wm.edu/as/computerscience/people/,0,624,ok,8,0,
University of Massachusetts Amherst,College of Information and Computer Sciences,university_of_massachusetts_amherst,http://www.cs.umass.edu/csinfo/people/faculty,0,0,empty,10,0,
University of Massachusetts Amherst,College of Information and Computer Sciences,university_of_massachusetts_amherst,http://www.cs.umass.edu/faculty/,0,0,empty,10,0,
University of South Florida,Computer Science and Engineering,university_of_south_florida,http://www.csee.usf.edu/people/faculty/,0,0,empty,10,0,
University of South Florida,Computer Science and Engineering,university_of_south_florida,https://www.usf.edu/ai-cybersecurity-computing/people/faculty/index.aspx,0,238,empty,10,0,
University of South Florida,Computer Science and Engineering,university_of_south_florida,https://www.usf.edu/engineering/cse/people/faculty/,0,0,empty,10,0,
University of Massachusetts Amherst,College of Information and Computer Sciences,university_of_massachusetts_amherst,https://www.cics.umass.edu/people/faculty,0,1488,ok,10,0,
University of South Florida,Computer Science and Engineering,university_of_south_florida,http://www.cse.usf.edu/people/faculty/,0,0,ok,10,0,
University of Illinois Chicago,Computer Science,university_of_illinois_chicago,http://www.cs.uic.edu/people/faculty/,0,0,empty,12,0,
University of Illinois Chicago,Computer Science,university_of_illinois_chicago,http://www.cs.uic.edu/faculty/,0,0,ok,12,0,
University of Illinois Chicago,Computer Science,university_of_illinois_chicago,https://cs.uic.edu/faculty/,0,640,ok,12,0,
Arizona State University,Computer Science (SCAI / CIDSE),arizona_state_university,http://www.public.asu.edu/~agein/faculty.html,0,0,empty,16,0,
Arizona State University,Computer Science (SCAI / CIDSE),arizona_state_university,https://engineering.asu.edu/computer-science-engineering/people/faculty/,0,0,empty,16,0,
Arizona State University,Computer Science (SCAI / CIDSE),arizona_state_university,https://faculty.engineering.asu.edu/directory/scai/computer-science-and-engineering/,0,332,empty,16,0,
Arizona State University,Computer Science (SCAI / CIDSE),arizona_state_university,https://faculty.engineering.asu.edu/directory/scai/rank/,0,0,empty,16,0,
Boston College,Computer Science,boston_college,https://www.bc.edu/content/bc-web/schools/mcas/departments/computer-science/faculty-and-research.html,0,0,empty,16,0,
Boston College,Computer Science,boston_college,https://www.bc.edu/content/bc-web/schools/morrissey/departments/computer-science/people/faculty.html,0,178,empty,16,0,
New Mexico State University,Computer Science,new_mexico_state_university,http://www.cs.nmsu.edu/faculty/,0,0,empty,16,0,
New Mexico State University,Computer Science,new_mexico_state_university,http://www.nmsu.edu/~cs/faculty/,0,0,empty,16,0,
New Mexico State University,Computer Science,new_mexico_state_university,https://www.cs.nmsu.edu/people/faculty/,0,376,empty,16,0,
Arizona State University,Computer Science (SCAI / CIDSE),arizona_state_university,https://cidse.engineering.asu.edu/faculty/,0,0,ok,16,0,
Boston College,Computer Science,boston_college,http://www.cs.bc.edu/people/faculty/,0,0,ok,16,0,
Boston College,Computer Science,boston_college,https://www.bc.edu/bc-web/schools/morrissey/departments/computer-science/people.html,0,0,ok,16,0,
New Mexico State University,Computer Science,new_mexico_state_university,https://computerscience.nmsu.edu/facultydirectory/faculty-staff-directory.html,0,0,ok,16,0,
Baylor University,Computer Science,baylor_university,https://www.baylor.edu/cs/index.php?id=6,0,352,empty,20,0,
Baylor University,Computer Science,baylor_university,https://www.ecs.baylor.edu/cs/index.php?id=6,0,0,empty,20,0,
Baylor University,Computer Science,baylor_university,https://www.ecs.baylor.edu/departments/computer-science/computer-science-faculty,0,0,ok,20,0,
George Washington University,Computer Science,george_washington_university,http://www.gwu.edu/~eecs/faculty/,0,0,empty,22,0,
Missouri University of Science and Technology,Computer Science,missouri_university_of_science_and_technology,http://www.cs.mst.edu/people/faculty/,0,0,empty,22,0,
Oregon State University,Electrical Engineering and Computer Science,oregon_state_university,http://www.cs.orst.edu/faculty/,0,0,empty,22,0,
Oregon State University,Electrical Engineering and Computer Science,oregon_state_university,https://eecs.oregonstate.edu/research/people/faculty/,0,0,empty,22,0,
Southern Methodist University,Computer Science,southern_methodist_university,http://www.cs.smu.edu/people/faculty/,0,0,empty,22,0,
George Washington University,Computer Science,george_washington_university,http://www.cs.gwu.edu/faculty/,0,0,ok,22,0,
George Washington University,Computer Science,george_washington_university,https://www.cs.gwu.edu/people/faculty,0,836,ok,22,0,
Missouri University of Science and Technology,Computer Science,missouri_university_of_science_and_technology,http://cs.mst.edu/people/faculty-directory/,0,0,ok,22,0,
Missouri University of Science and Technology,Computer Science,missouri_university_of_science_and_technology,https://cs.mst.edu/people/faculty-directory/,0,912,ok,22,0,
Oregon State University,Electrical Engineering and Computer Science,oregon_state_university,http://www.eecs.oregonstate.edu/faculty/,0,0,ok,22,0,
Oregon State University,Electrical Engineering and Computer Science,oregon_state_university,https://engineering.oregonstate.edu/EECS/About/People,0,714,ok,22,0,
Southern Methodist University,Computer Science,southern_methodist_university,https://www.smu.edu/lyle/departments/cs/people/faculty,0,692,ok,22,0,
Binghamton University (SUNY),Computer Science,binghamton_university_suny,http://www.cs.binghamton.edu/people/faculty/,0,0,empty,24,0,
University of Arizona,Computer Science,university_of_arizona,http://cs.arizona.edu/faculty/,0,0,empty,24,0,
University of Rhode Island,Computer Science and Statistics,university_of_rhode_island,http://www.cs.uri.edu/faculty/,0,0,empty,24,0,
University of Rhode Island,Computer Science and Statistics,university_of_rhode_island,http://www.cs.uri.edu/people/faculty/,0,0,empty,24,0,
University of Texas El Paso,Computer Science,university_of_texas_el_paso,http://cs.utep.edu/people/faculty/,0,0,empty,24,0,
University of Texas El Paso,Computer Science,university_of_texas_el_paso,http://www.cs.utep.edu/people/faculty/,0,0,empty,24,0,
Binghamton University (SUNY),Computer Science,binghamton_university_suny,http://www.cs.binghamton.edu/faculty/,0,0,ok,24,0,
Binghamton University (SUNY),Computer Science,binghamton_university_suny,https://www.binghamton.edu/computer-science/people/,0,818,ok,24,0,
San Diego State University,Computer Science,san_diego_state_university,http://www.cs.sdsu.edu/faculty/,0,0,ok,24,0,
San Diego State University,Computer Science,san_diego_state_university,http://www.cs.sdsu.edu/people/,0,0,ok,24,0,
San Diego State University,Computer Science,san_diego_state_university,https://www.cs.sdsu.edu/people/,0,1254,ok,24,0,
University of Arizona,Computer Science,university_of_arizona,http://www.cs.arizona.edu/people/faculty/,0,0,ok,24,0,
University of Arizona,Computer Science,university_of_arizona,https://cs.arizona.edu/people/faculty,0,1392,ok,24,0,
University of Rhode Island,Computer Science and Statistics,university_of_rhode_island,https://web.uri.edu/cs/people/,0,682,ok,24,0,
University of Texas El Paso,Computer Science,university_of_texas_el_paso,https://www.utep.edu/science/computational-science/people/faculty-and-staff.html,0,1898,ok,24,0,
Tulane University,Computer Science,tulane_university,http://tulane.edu/sse/faculty/departments/faculty-compsci.cfm,0,0,untried,26,0,
Tulane University,Computer Science,tulane_university,http://www.cs.tulane.edu/faculty/,0,0,empty,26,0,
Tulane University,Computer Science,tulane_university,http://www.cs.tulane.edu/people/faculty/,0,0,empty,26,0,
Tulane University,Computer Science,tulane_university,https://sse.tulane.edu/cs/faculty,0,310,ok,26,0,
Washington University in St. Louis,Computer Science & Engineering,washington_university_in_st_louis,http://www.cse.wustl.edu/people/faculty/,0,0,empty,28,0,
Washington University in St. Louis,Computer Science & Engineering,washington_university_in_st_louis,https://cse.wustl.edu/faculty/Pages/default.aspx,0,370,ok,28,0,
University of Colorado Denver,Computer Science and Engineering,university_of_colorado_denver,http://www.cs.ucdenver.edu/people/faculty/,0,0,empty,30,0,
University of Colorado Denver,Computer Science and Engineering,university_of_colorado_denver,https://cse.ucdenver.edu/faculty/,0,0,empty,30,0,
University of Massachusetts Lowell,Computer Science,university_of_massachusetts_lowell,http://www.cs.uml.edu/faculty/,0,0,empty,30,0,
University of Massachusetts Lowell,Computer Science,university_of_massachusetts_lowell,http://www.cs.uml.edu/people/faculty/,0,0,empty,30,0,
University of Colorado Denver,Computer Science and Engineering,university_of_colorado_denver,https://engineering.ucdenver.edu/computer-science-and-engineering/faculty-and-staff,0,630,ok,30,0,
University of Massachusetts Lowell,Computer Science,university_of_massachusetts_lowell,https://www.uml.edu/sciences/computer-science/faculty/,0,914,ok,30,0,
University of Miami,Computer Science,university_of_miami,http://www.as.miami.edu/csc/faculty/people/faculty/index.html,0,0,empty,34,0,
University of Miami,Computer Science,university_of_miami,http://www.cs.miami.edu/home/faculty/index.html,0,0,empty,34,0,
University of Miami,Computer Science,university_of_miami,https://www.as.miami.edu/csc/faculty/people/faculty/index.html,0,1024,empty,34,0,
University of Miami,Computer Science,university_of_miami,https://csc.as.miami.edu/people/index.html,0,0,ok,34,0,
Ohio University,Electrical Engineering and Computer Science,ohio_university,http://www.cs.ohiou.edu/people/faculty/,0,0,empty,36,0,
Ohio University,Electrical Engineering and Computer Science,ohio_university,http://www.eecs.ohio.edu/faculty/,0,0,empty,36,0,
Ohio University,Electrical Engineering and Computer Science,ohio_university,https://www.ohio.edu/engineering/eecs/about/contact/faculty,0,1156,empty,36,0,
Ohio University,Electrical Engineering and Computer Science,ohio_university,https://www.ohio.edu/engineering/eecs/people,0,0,ok,36,0,
Case Western Reserve University,"Electrical, Computer, and Systems Engineering",case_western_reserve_university,http://www.eecs.case.edu/faculty/,0,0,empty,38,0,
Case Western Reserve University,"Electrical, Computer, and Systems Engineering",case_western_reserve_university,https://case.edu/engineering/about/faculty-and-staff-directory,0,3040,empty,38,0,
Case Western Reserve University,"Electrical, Computer, and Systems Engineering",case_western_reserve_university,https://engineering.case.edu/EECS/faculty/category/tenure-track-faculty,0,0,empty,38,0,
Portland State University,Computer Science,portland_state_university,http://www.cs.pdx.edu/faculty/,0,0,empty,38,0,
Portland State University,Computer Science,portland_state_university,https://www.pdx.edu/engineering/directory,0,0,empty,38,0,
Texas Tech University,Computer Science,texas_tech_university,http://www.cs.ttu.edu/faculty/,0,0,empty,38,0,
Texas Tech University,Computer Science,texas_tech_university,https://www.depts.ttu.edu/cs/people/faculty/,0,760,empty,38,0,
University of Minnesota,Computer Science and Engineering,university_of_minnesota,http://www.cs.umn.edu/directory/faculty.html,0,0,empty,38,0,
University of Minnesota,Computer Science and Engineering,university_of_minnesota,http://www.cs.umn.edu/research/faculty/,0,0,empty,38,0,
University of Texas at San Antonio,Computer Science,university_of_texas_at_san_antonio,http://www.cs.utsa.edu/faculty/,0,0,empty,38,0,
University of Texas at San Antonio,Computer Science,university_of_texas_at_san_antonio,https://caicc.utsa.edu/computer-science/faculty/index.html,0,1654,empty,38,0,
University of Texas at San Antonio,Computer Science,university_of_texas_at_san_antonio,https://www.utsa.edu/sciences/computer-science/faculty/,0,0,empty,38,0,
Case Western Reserve University,"Electrical, Computer, and Systems Engineering",case_western_reserve_university,http://www.eecs.cwru.edu/people/faculty/,0,0,ok,38,0,
Portland State University,Computer Science,portland_state_university,http://www.cs.pdx.edu/people/faculty/,0,0,ok,38,0,
Portland State University,Computer Science,portland_state_university,https://www.pdx.edu/computer-science/faculty-and-staff-directory,0,1228,ok,38,0,
Texas Tech University,Computer Science,texas_tech_university,http://www.cs.ttu.edu/people/faculty/,0,0,ok,38,0,
University of Minnesota,Computer Science and Engineering,university_of_minnesota,https://cse.umn.edu/cs/faculty,0,3468,ok,38,0,
University of Texas at San Antonio,Computer Science,university_of_texas_at_san_antonio,http://www.cs.utsa.edu/people/faculty/,0,0,ok,38,0,
Colorado School of Mines,Computer Science,colorado_school_of_mines,http://www.cs.mines.edu/faculty/,0,0,empty,40,0,
Colorado School of Mines,Computer Science,colorado_school_of_mines,http://www.cs.mines.edu/people/faculty/,0,0,empty,40,0,
Michigan State University,Computer Science and Engineering,michigan_state_university,http://www.cse.msu.edu/~cse_tech/faculty/,0,0,empty,40,0,
University of Cincinnati,Computer Science,university_of_cincinnati,http://www.eecs.uc.edu/people/faculty/,0,0,empty,40,0,
University of Cincinnati,Computer Science,university_of_cincinnati,https://eecs.ceas.uc.edu/people/faculty/,0,0,empty,40,0,
Colorado School of Mines,Computer Science,colorado_school_of_mines,https://cs.mines.edu/faculty-and-staff/,0,1248,ok,40,0,
Michigan State University,Computer Science and Engineering,michigan_state_university,http://cse.msu.edu/people/faculty/,0,0,ok,40,0,
Michigan State University,Computer Science and Engineering,michigan_state_university,http://www.cse.msu.edu/people/faculty/,0,0,ok,40,0,
Michigan State University,Computer Science and Engineering,michigan_state_university,https://www.cse.msu.edu/people/faculty/,0,1106,ok,40,0,
University of Cincinnati,Computer Science,university_of_cincinnati,http://www.ece.uc.edu/people/faculty/,0,0,ok,40,0,
University of Cincinnati,Computer Science,university_of_cincinnati,https://www.ceas.uc.edu/academics/departments/computer-science/computer-science-people.html,0,1386,ok,40,0,
Auburn University,Computer Science and Software Engineering,auburn_university,http://eng.auburn.edu/programs/csse/staff/faculty.html,0,0,untried,42,0,
Auburn University,Computer Science and Software Engineering,auburn_university,http://www.cs.auburn.edu/,0,0,empty,42,0,
Auburn University,Computer Science and Software Engineering,auburn_university,http://www.cs.auburn.edu/faculty/,0,0,empty,42,0,
Auburn University,Computer Science and Software Engineering,auburn_university,http://www.eng.auburn.edu/dept/csse/faculty.html,0,0,empty,42,0,
Auburn University,Computer Science and Software Engineering,auburn_university,https://www.eng.auburn.edu/department/csse/faculty.html,0,0,empty,42,0,
Auburn University,Computer Science and Software Engineering,auburn_university,https://eng.auburn.edu/csse/people/,0,568,ok,42,0,
University of North Carolina Charlotte,Computer Science (College of Computing and Informatics),university_of_north_carolina_charlotte,http://www.cci.uncc.edu/faculty/,0,0,empty,46,0,
University of North Carolina Charlotte,Computer Science (College of Computing and Informatics),university_of_north_carolina_charlotte,https://cci.charlotte.edu/departments/department-of-computer-science/about-computer-science/cs-faculty/,0,1326,ok,46,0,
University of North Carolina Charlotte,Computer Science (College of Computing and Informatics),university_of_north_carolina_charlotte,https://cci.charlotte.edu/directory/faculty/,0,0,ok,46,0,
Georgia State University,Computer Science,georgia_state_university,http://www.cs.gsu.edu/people/faculty/,0,0,empty,48,0,
University of Memphis,Computer Science,university_of_memphis,http://www.cs.memphis.edu/about/faculty.php,0,0,empty,48,0,
University of Memphis,Computer Science,university_of_memphis,http://www.cs.memphis.edu/people/faculty/,0,0,empty,48,0,
Georgia State University,Computer Science,georgia_state_university,http://www.cs.gsu.edu/faculty/,0,0,ok,48,0,
Georgia State University,Computer Science,georgia_state_university,https://csds.gsu.edu/directory/,0,0,ok,48,0,
Georgia State University,Computer Science,georgia_state_university,https://csds.gsu.edu/directory/?wpvcomputerscienceroles=core-faculty&wpv_aux_current_post_id=329&wpv_view_count=5249-TCPID329,0,4724,ok,48,0,
University of Memphis,Computer Science,university_of_memphis,https://www.memphis.edu/cs/people/,0,3156,ok,48,0,
Temple University,Computer and Information Sciences,temple_university,http://www.cis.temple.edu/faculty/,0,0,empty,50,0,
Temple University,Computer and Information Sciences,temple_university,http://www.cis.temple.edu/~faculty/,0,0,empty,50,0,
Temple University,Computer and Information Sciences,temple_university,https://www.cis.temple.edu/people/faculty/,0,3266,ok,50,0,
University of Denver,Computer Science (Ritchie School),university_of_denver,http://cs.du.edu/people/faculty/,0,0,empty,56,0,
University of Denver,Computer Science (Ritchie School),university_of_denver,http://www.cs.du.edu/faculty/,0,0,empty,56,0,
University of Denver,Computer Science (Ritchie School),university_of_denver,https://ritchieschool.du.edu/computer-science/cs-faculty-people,0,1038,ok,56,0,
University of Denver,Computer Science (Ritchie School),university_of_denver,https://ritchieschool.du.edu/resources/facultystaff,0,0,ok,56,0,
Clemson University,Computer Science,clemson_university,http://www.cs.clemson.edu/faculty/,0,0,empty,58,0,
Clemson University,Computer Science,clemson_university,http://www.cs.clemson.edu/people/faculty/,0,0,empty,58,0,
Clemson University,Computer Science,clemson_university,https://www.clemson.edu/science/departments/cs/people/faculty.html,0,0,empty,58,0,
Clemson University,Computer Science,clemson_university,http://clemson.edu/computing/faculty.php,0,0,ok,58,0,
Clemson University,Computer Science,clemson_university,http://www.cs.clemson.edu/,0,0,ok,58,0,
Clemson University,Computer Science,clemson_university,https://www.clemson.edu/cecas/departments/computing/people/,0,494,ok,58,0,
University of Louisville,Computer Science and Engineering,university_of_louisville,http://www.cecs.louisville.edu/cs/people/faculty/,0,0,empty,60,0,
University of Louisville,Computer Science and Engineering,university_of_louisville,http://www.cecs.louisville.edu/ece/about/faculty-and-staff/,0,0,empty,60,0,
University of Louisville,Computer Science and Engineering,university_of_louisville,https://engineering.louisville.edu/academics/departments/cse/faculty/,0,7348,empty,60,0,
University of Louisville,Computer Science and Engineering,university_of_louisville,https://engineering.louisville.edu/academics/faculty/,0,0,ok,60,0,
Florida Atlantic University,Electrical Engineering and Computer Science,florida_atlantic_university,http://www.cse.fau.edu/faculty/,0,0,empty,62,0,
Florida Atlantic University,Electrical Engineering and Computer Science,florida_atlantic_university,http://www.fau.edu/engineering/eecs/faculty/,0,0,empty,62,0,
University of Central Florida,Computer Science,university_of_central_florida,http://www.eecs.ucf.edu/people/faculty/,0,0,empty,62,0,
University of North Texas,Computer Science and Engineering,university_of_north_texas,http://www.cse.unt.edu/faculty/,0,0,empty,62,0,
University of North Texas,Computer Science and Engineering,university_of_north_texas,http://www.cse.unt.edu/people/faculty/,0,0,empty,62,0,
Utah State University,Computer Science,utah_state_university,https://engineering.usu.edu/cs/directory/faculty/,0,1322,empty,62,0,
Utah State University,Computer Science,utah_state_university,https://engineering.usu.edu/cs/faculty/,0,0,empty,62,0,
Florida Atlantic University,Electrical Engineering and Computer Science,florida_atlantic_university,https://www.fau.edu/engineering/directory/,0,0,ok,62,0,
Florida Atlantic University,Electrical Engineering and Computer Science,florida_atlantic_university,https://www.fau.edu/engineering/eecs/directory/,0,1518,ok,62,0,
University of Central Florida,Computer Science,university_of_central_florida,http://www.cs.ucf.edu/faculty/,0,0,ok,62,0,
University of Central Florida,Computer Science,university_of_central_florida,https://www.cs.ucf.edu/people/faculty/,0,1510,ok,62,0,
University of North Texas,Computer Science and Engineering,university_of_north_texas,http://www.cs.unt.edu/people/faculty.php,0,0,ok,62,0,
University of North Texas,Computer Science and Engineering,university_of_north_texas,https://engineering.unt.edu/cse/people/index.html?department=Computer+Science+and+Engineering,0,1758,ok,62,0,
Utah State University,Computer Science,utah_state_university,http://www.cs.usu.edu/faculty/,0,0,ok,62,0,
Utah State University,Computer Science,utah_state_university,https://cs.usu.edu/people/faculty/index,0,0,ok,62,0,
Utah State University,Computer Science,utah_state_university,https://www.cs.usu.edu/people/faculty/,0,0,ok,62,0,
Northeastern University,Computer Science (Khoury College of Computer Sciences),northeastern_university,https://www.khoury.northeastern.edu/people/?position=faculty,0,5456,empty,64,0,
Northern Arizona University,"Computer Science (School of Informatics, Computing, and Cyber Systems)",northern_arizona_university,http://nau.edu/informatics/faculty/,0,0,empty,64,0,
Northern Arizona University,"Computer Science (School of Informatics, Computing, and Cyber Systems)",northern_arizona_university,https://in.nau.edu/school-informatics-computing-cyber-systems/faculty/,0,2780,empty,64,0,
Northeastern University,Computer Science (Khoury College of Computer Sciences),northeastern_university,http://www.ccs.neu.edu/people/faculty/,0,0,ok,64,0,
Northeastern University,Computer Science (Khoury College of Computer Sciences),northeastern_university,https://www.khoury.northeastern.edu/people/,0,0,ok,64,0,
Northern Arizona University,"Computer Science (School of Informatics, Computing, and Cyber Systems)",northern_arizona_university,http://www.nau.edu/siccs/faculty/,0,0,ok,64,0,
Northern Arizona University,"Computer Science (School of Informatics, Computing, and Cyber Systems)",northern_arizona_university,https://nau.edu/school-of-informatics-computing-and-cyber-systems/faculty/,0,0,ok,64,0,
Michigan Technological University,Computer Science,michigan_technological_university,http://www.cs.mtu.edu/people/faculty/,0,0,empty,66,0,
Michigan Technological University,Computer Science,michigan_technological_university,https://www.mtu.edu/cs/faculty/,0,0,empty,66,0,
Virginia Commonwealth University,Computer Science,virginia_commonwealth_university,http://www.cs.vcu.edu/about/people/faculty.html,0,0,empty,66,0,
Virginia Commonwealth University,Computer Science,virginia_commonwealth_university,https://egr.vcu.edu/departments/computer-science/people/,0,0,empty,66,0,
Virginia Commonwealth University,Computer Science,virginia_commonwealth_university,https://egr.vcu.edu/departments/computer-science/people/faculty/,0,826,empty,66,0,
Virginia Commonwealth University,Computer Science,virginia_commonwealth_university,https://www.cs.vcu.edu/about/people/,0,0,empty,66,0,
Michigan Technological University,Computer Science,michigan_technological_university,https://www.mtu.edu/cs/department/faculty-staff/,0,2278,ok,66,0,
Virginia Commonwealth University,Computer Science,virginia_commonwealth_university,http://computer-science.egr.vcu.edu/faculty/,0,0,ok,66,0,
University of Missouri Kansas City,Computer Science and Information Technology,university_of_missouri_kansas_city,http://cs.umkc.edu/faculty/,0,0,empty,70,0,
University of Missouri Kansas City,Computer Science and Information Technology,university_of_missouri_kansas_city,http://www.cs.umkc.edu/people/faculty/,0,0,empty,70,0,
University of Missouri Kansas City,Computer Science and Information Technology,university_of_missouri_kansas_city,https://sse.umkc.edu/,0,0,ok,70,0,
University of Missouri Kansas City,Computer Science and Information Technology,university_of_missouri_kansas_city,https://sse.umkc.edu/about-us/computer-science-and-information-technologydirectory.html,0,1080,ok,70,0,
University of Pittsburgh,Computer Science,university_of_pittsburgh,http://cs.pitt.edu/people/faculty/,0,0,ok,72,0,
University of Pittsburgh,Computer Science,university_of_pittsburgh,http://www.cs.pitt.edu/faculty/,0,0,ok,72,0,
University of Pittsburgh,Computer Science,university_of_pittsburgh,https://www.cs.pitt.edu/people/faculty,0,1938,ok,72,0,
UC Santa Cruz,Computer Science and Engineering,uc_santa_cruz,http://www.cs.ucsc.edu/faculty/,0,0,empty,74,0,
Carnegie Mellon University,Computer Science (School of Computer Science),carnegie_mellon_university,http://www.cs.cmu.edu/~faculty/,0,0,ok,74,0,
Carnegie Mellon University,Computer Science (School of Computer Science),carnegie_mellon_university,http://www.csd.cs.cmu.edu/people,0,0,ok,74,0,
Carnegie Mellon University,Computer Science (School of Computer Science),carnegie_mellon_university,https://www.cs.cmu.edu/people/faculty,0,1074,ok,74,0,
UC Santa Cruz,Computer Science and Engineering,uc_santa_cruz,http://www.cs.ucsc.edu/people/faculty/,0,0,ok,74,0,
UC Santa Cruz,Computer Science and Engineering,uc_santa_cruz,https://www.soe.ucsc.edu/departments/computer-science/people/faculty,0,5788,ok,74,0,
University of New Hampshire,Computer Science,university_of_new_hampshire,http://www.cs.unh.edu/people/faculty/,0,0,empty,76,0,
University of New Hampshire,Computer Science,university_of_new_hampshire,https://www.cs.unh.edu/people/faculty,0,0,empty,76,0,
University of New Hampshire,Computer Science,university_of_new_hampshire,http://www.cs.unh.edu/faculty/,0,0,ok,76,0,
University of New Hampshire,Computer Science,university_of_new_hampshire,https://ceps.unh.edu/computer-science/faculty-staff-directory,0,1750,ok,76,0,
Vanderbilt University,Computer Science,vanderbilt_university,http://www.cs.vanderbilt.edu/,0,0,empty,80,0,
Vanderbilt University,Computer Science,vanderbilt_university,http://www.eecs.vanderbilt.edu/people/faculty/,0,0,empty,80,0,
Vanderbilt University,Computer Science,vanderbilt_university,http://www.vuse.vanderbilt.edu/~cs/faculty/,0,0,empty,80,0,
Vanderbilt University,Computer Science,vanderbilt_university,https://www.cs.vanderbilt.edu/people/faculty/,0,0,empty,80,0,
Vanderbilt University,Computer Science,vanderbilt_university,http://www.eecs.vanderbilt.edu/,0,0,ok,80,0,
Vanderbilt University,Computer Science,vanderbilt_university,https://engineering.vanderbilt.edu/people/computer-science/,0,378,ok,80,0,
Louisiana State University,Computer Science,louisiana_state_university,http://www.csc.lsu.edu/people/,0,0,empty,82,0,
Louisiana State University,Computer Science,louisiana_state_university,https://www.csc.lsu.edu/people/faculty/,0,3516,empty,82,0,
University of Houston,Computer Science,university_of_houston,http://www.cs.uh.edu/faculty/,0,0,empty,82,0,
University of Houston,Computer Science,university_of_houston,http://www.uh.edu/nsm/computer-science/faculty/,0,0,empty,82,0,
University of Southern Mississippi,Computer Science (School of Computing Sciences and Computer Engineering),university_of_southern_mississippi,http://www.cs.usm.edu/people/faculty/,0,0,empty,82,0,
University of Southern Mississippi,Computer Science (School of Computing Sciences and Computer Engineering),university_of_southern_mississippi,http://www.usm.edu/computing-sciences/faculty.aspx,0,0,empty,82,0,
Louisiana State University,Computer Science,louisiana_state_university,http://www.cse.lsu.edu/people/faculty/,0,0,ok,82,0,
Louisiana State University,Computer Science,louisiana_state_university,https://www.lsu.edu/eng/cse/people/faculty/index.php,0,0,ok,82,0,
University of Houston,Computer Science,university_of_houston,https://www.cs.uh.edu/people/faculty/,0,0,ok,82,0,
University of Houston,Computer Science,university_of_houston,https://www.uh.edu/nsm/computer-science/people/faculty/index.php,0,4804,ok,82,0,
University of Southern Mississippi,Computer Science (School of Computing Sciences and Computer Engineering),university_of_southern_mississippi,https://www.usm.edu/computing-sciences-computer-engineering/directory.php,0,3316,ok,82,0,
University of Southern Mississippi,Computer Science (School of Computing Sciences and Computer Engineering),university_of_southern_mississippi,https://www.usm.edu/faculty-directory/index.php,0,0,ok,82,0,
University of Idaho,Computer Science,university_of_idaho,http://www.cs.uidaho.edu/people/faculty/,0,0,empty,84,0,
University of Idaho,Computer Science,university_of_idaho,https://directory.uidaho.edu/departments?criteria=Computer+Science+Department,0,1290,empty,84,0,
North Dakota State University,Computer Science,north_dakota_state_university,http://www.cs.ndsu.nodak.edu/faculty/,0,0,ok,84,0,
North Dakota State University,Computer Science,north_dakota_state_university,http://www.ndsu.edu/cs/people/,0,0,ok,84,0,
North Dakota State University,Computer Science,north_dakota_state_university,https://www.ndsu.edu/cs/people/faculty/,0,3086,ok,84,0,
University of Idaho,Computer Science,university_of_idaho,http://www.cs.uidaho.edu/faculty/,0,0,ok,84,0,
University of Idaho,Computer Science,university_of_idaho,https://www.uidaho.edu/engr/departments/cs/our-people/faculty,0,0,ok,84,0,
University of Michigan,Electrical Engineering and Computer Science (EECS),university_of_michigan,http://www.cse.umich.edu/~CSE/,0,0,empty,88,0,
University of Michigan,Electrical Engineering and Computer Science (EECS),university_of_michigan,http://www.eecs.umich.edu/eecs/faculty/,0,0,ok,88,0,
University of Michigan,Electrical Engineering and Computer Science (EECS),university_of_michigan,https://cse.engin.umich.edu/people/faculty/,0,12020,ok,88,0,
Kansas State University,Computer Science,kansas_state_university,http://www.cis.ksu.edu/content/faculty/,0,0,empty,90,0,
Kansas State University,Computer Science,kansas_state_university,http://www.cis.ksu.edu/faculty/,0,0,empty,90,0,
Kansas State University,Computer Science,kansas_state_university,https://www.cs.ksu.edu/about/people/faculty/,0,2426,ok,90,0,
Kansas State University,Computer Science,kansas_state_university,https://www.cs.ksu.edu/people/faculty/,0,0,ok,90,0,
New Jersey Institute of Technology,Computer Science,new_jersey_institute_of_technology,https://computing.njit.edu/faculty,0,0,empty,92,0,
Rice University,Computer Science,rice_university,http://cs.rice.edu/CS/Faculty/,0,0,empty,92,0,
Rice University,Computer Science,rice_university,http://www.cs.rice.edu/CS/Faculty/,0,0,empty,92,0,
New Jersey Institute of Technology,Computer Science,new_jersey_institute_of_technology,http://ece.njit.edu/people/ece_faculty_alpha.php,0,0,ok,92,0,
New Jersey Institute of Technology,Computer Science,new_jersey_institute_of_technology,http://www.cs.njit.edu/faculty/,0,0,ok,92,0,
New Jersey Institute of Technology,Computer Science,new_jersey_institute_of_technology,https://cs.njit.edu/faculty,0,5310,ok,92,0,
Rice University,Computer Science,rice_university,https://cs.rice.edu/people,0,934,ok,92,0,
University of Alabama Birmingham,Computer Science,university_of_alabama_birmingham,http://www.cis.uab.edu/people/faculty/,0,0,empty,94,0,
University of Alabama Birmingham,Computer Science,university_of_alabama_birmingham,https://www.uab.edu/cas/computerscience/faculty,0,0,empty,94,0,
University of Alabama Birmingham,Computer Science,university_of_alabama_birmingham,https://www.uab.edu/cas/computerscience/people/faculty-directory,0,2242,ok,94,0,
University of Oklahoma,Computer Science,university_of_oklahoma,http://www.ou.edu/~cs/faculty/,0,0,empty,98,0,
University of Oklahoma,Computer Science,university_of_oklahoma,http://www.cs.ou.edu/faculty/,0,0,ok,98,0,
University of Oklahoma,Computer Science,university_of_oklahoma,https://www.ou.edu/coe/cs/people/faculty,0,2292,ok,98,0,
Howard University,Electrical Engineering and Computer Science,howard_university,http://www.cs.howard.edu/faculty/,0,0,empty,100,0,
University of North Dakota,Computer Science (School of Electrical Engineering & Computer Science),university_of_north_dakota,http://www.cs.und.edu/faculty/,0,0,empty,100,0,
Howard University,Electrical Engineering and Computer Science,howard_university,http://www.eece.cea.howard.edu/faculty,0,0,ok,100,0,
Howard University,Electrical Engineering and Computer Science,howard_university,https://cea.howard.edu/academics/departments/electrical-engineering-and-computer-science/people-eecs,0,3146,ok,100,0,
University of North Dakota,Computer Science (School of Electrical Engineering & Computer Science),university_of_north_dakota,http://www.cs.und.edu/people/,0,0,ok,100,0,
University of North Dakota,Computer Science (School of Electrical Engineering & Computer Science),university_of_north_dakota,https://campus.und.edu/directory/index.html,0,0,ok,100,0,
University of North Dakota,Computer Science (School of Electrical Engineering & Computer Science),university_of_north_dakota,https://engineering.und.edu/academics/electrical-and-computer-science/faculty.html,0,2450,ok,100,0,
Mississippi State University,Computer Science and Engineering,mississippi_state_university,https://www.cs.msstate.edu/people/faculty/,0,494,empty,102,0,
Mississippi State University,Computer Science and Engineering,mississippi_state_university,http://www.cs.msstate.edu/faculty/,0,0,ok,102,0,
Mississippi State University,Computer Science and Engineering,mississippi_state_university,http://www.cse.msstate.edu/people/faculty/,0,0,ok,102,0,
University at Albany SUNY,Computer Science,university_at_albany_suny,http://www.cs.albany.edu/people/faculty/,0,0,empty,106,0,
University at Albany SUNY,Computer Science,university_at_albany_suny,https://www.albany.edu/computer-science/faculty,0,0,empty,106,0,
University at Albany SUNY,Computer Science,university_at_albany_suny,http://www.cs.albany.edu/faculty.shtml,0,0,ok,106,0,
University at Albany SUNY,Computer Science,university_at_albany_suny,https://www.albany.edu/computer-science/faculty-staff,0,2126,ok,106,0,
Brigham Young University,Computer Science,brigham_young_university,http://www.cs.byu.edu/faculty/,0,0,ok,108,0,
Brigham Young University,Computer Science,brigham_young_university,https://cs.byu.edu/department/directories/faculty-directory/,0,3754,ok,108,0,
Brigham Young University,Computer Science,brigham_young_university,https://cs.byu.edu/department/directory/,0,0,ok,108,0,
University of Massachusetts Boston,Computer Science,university_of_massachusetts_boston,http://www.cs.umb.edu/faculty.html,0,0,empty,110,0,
University of Massachusetts Boston,Computer Science,university_of_massachusetts_boston,http://www.cs.umb.edu/people/faculty/,0,0,ok,110,0,
University of Massachusetts Boston,Computer Science,university_of_massachusetts_boston,https://www.cs.umb.edu/faculty,0,4038,ok,110,0,
University of Massachusetts Boston,Computer Science,university_of_massachusetts_boston,https://www.umb.edu/science-mathematics/academic-departments/computer-science/faculty-staff/,0,0,ok,110,0,
University of Delaware,Computer and Information Sciences,university_of_delaware,http://www.cis.udel.edu/about/people/faculty/,0,0,empty,114,0,
University of Delaware,Computer and Information Sciences,university_of_delaware,https://www.cis.udel.edu/faculty/,0,3248,empty,114,0,
University of Delaware,Computer and Information Sciences,university_of_delaware,http://www.cis.udel.edu/people/faculty/,0,0,ok,114,0,
Kent State University,Computer Science,kent_state_university,http://www.cs.kent.edu/people/,0,0,empty,118,0,
Kent State University,Computer Science,kent_state_university,http://www.cs.kent.edu/faculty/,0,0,ok,118,0,
Kent State University,Computer Science,kent_state_university,https://www.kent.edu/cs/faculty-staff,0,2038,ok,118,0,
University of Colorado Boulder,Computer Science,university_of_colorado_boulder,https://www.colorado.edu/cs/people/faculty,0,7304,empty,120,0,
University of Colorado Boulder,Computer Science,university_of_colorado_boulder,http://cs.colorado.edu/people/faculty/,0,0,ok,120,0,
University of Colorado Boulder,Computer Science,university_of_colorado_boulder,http://www.cs.colorado.edu/people/faculty/,0,0,ok,120,0,
University of Texas at Austin,Computer Science,university_of_texas_at_austin,https://www.cs.utexas.edu/people,0,12070,ok,128,0,
Florida International University,Computer Science,florida_international_university,http://www.cs.fiu.edu/faculty/,0,0,ok,130,0,
Florida International University,Computer Science,florida_international_university,https://www.cis.fiu.edu/faculty-staff/,0,0,ok,130,0,
Florida International University,Computer Science,florida_international_university,https://www.cs.fiu.edu/faculty/,0,5296,ok,130,0,
University of Toledo,Electrical Engineering and Computer Science,university_of_toledo,http://www.eecs.utoledo.edu/faculty/,0,0,empty,132,0,
University of Toledo,Electrical Engineering and Computer Science,university_of_toledo,http://www.utoledo.edu/engineering/eecs/faculty/,0,0,empty,132,0,
Georgetown University,Computer Science,georgetown_university,http://cs.georgetown.edu/people/faculty/,0,0,ok,132,0,
Georgetown University,Computer Science,georgetown_university,http://www.cs.georgetown.edu/faculty/,0,0,ok,132,0,
Georgetown University,Computer Science,georgetown_university,https://cs.georgetown.edu/faculty/,0,3602,ok,132,0,
University of Toledo,Electrical Engineering and Computer Science,university_of_toledo,https://www.utoledo.edu/engineering/electrical-engineering-computer-science/department-directory.html,0,0,ok,132,0,
University of Toledo,Electrical Engineering and Computer Science,university_of_toledo,https://www.utoledo.edu/engineering/electrical-engineering-computer-science/people/,0,2796,ok,132,0,
Stony Brook University,Computer Science,stony_brook_university,http://www.cs.stonybrook.edu/about-us/People/Faculty,0,0,empty,134,0,
Stony Brook University,Computer Science,stony_brook_university,http://www.cs.sunysb.edu/research/faculty/,0,0,empty,134,0,
Stony Brook University,Computer Science,stony_brook_university,http://www.cs.sunysb.edu/faculty/,0,0,ok,134,0,
Stony Brook University,Computer Science,stony_brook_university,http://www.cs.sunysb.edu/people/faculty/,0,0,ok,134,0,
Stony Brook University,Computer Science,stony_brook_university,https://www.cs.stonybrook.edu/people/faculty,0,15136,ok,134,0,
University of California Los Angeles,Computer Science,university_of_california_los_angeles,http://cs.ucla.edu/people/faculty/,0,0,ok,136,0,
University of California Los Angeles,Computer Science,university_of_california_los_angeles,http://www.cs.ucla.edu/faculty/,0,0,ok,136,0,
University of California Los Angeles,Computer Science,university_of_california_los_angeles,https://www.cs.ucla.edu/people/faculty/,0,8518,ok,136,0,
Florida State University,Computer Science,florida_state_university,http://www.cs.fsu.edu/research/faculty/,0,0,empty,138,0,
Florida State University,Computer Science,florida_state_university,https://www.cs.fsu.edu/people/faculty/,0,3388,empty,138,0,
Florida State University,Computer Science,florida_state_university,http://www.cs.fsu.edu/faculty/,0,0,ok,138,0,
Emory University,Computer Science,emory_university,http://www.cs.emory.edu/faculty/,0,0,empty,142,0,
Emory University,Computer Science,emory_university,http://www.mathcs.emory.edu/people/,0,0,ok,142,0,
Emory University,Computer Science,emory_university,https://www.cs.emory.edu/people/faculty/,0,6214,ok,142,0,
University of Georgia,Computer Science (School of Computing),university_of_georgia,http://www.cs.uga.edu/people/faculty,0,0,empty,144,0,
Washington State University,Electrical Engineering and Computer Science,washington_state_university,http://www.cs.wsu.edu/people/faculty/,0,0,empty,144,0,
Washington State University,Electrical Engineering and Computer Science,washington_state_university,http://www.eecs.wsu.edu/people/faculty/,0,0,empty,144,0,
Worcester Polytechnic Institute,Computer Science,worcester_polytechnic_institute,http://www.cs.wpi.edu/faculty/,0,0,empty,144,0,
Worcester Polytechnic Institute,Computer Science,worcester_polytechnic_institute,https://www.wpi.edu/academics/departments/computer-science/people/faculty,0,0,empty,144,0,
University of Georgia,Computer Science (School of Computing),university_of_georgia,http://www.cs.uga.edu/directory/faculty,0,0,ok,144,0,
University of Georgia,Computer Science (School of Computing),university_of_georgia,https://computing.uga.edu/directory/faculty,0,6742,ok,144,0,
University of Georgia,Computer Science (School of Computing),university_of_georgia,https://www.cs.uga.edu/directory/faculty,0,0,ok,144,0,
Washington State University,Electrical Engineering and Computer Science,washington_state_university,https://school.eecs.wsu.edu/faculty/,0,6924,ok,144,0,
Washington State University,Electrical Engineering and Computer Science,washington_state_university,https://school.eecs.wsu.edu/people/faculty/,0,0,ok,144,0,
Worcester Polytechnic Institute,Computer Science,worcester_polytechnic_institute,http://www.cs.wpi.edu/people/faculty/,0,0,ok,144,0,
Worcester Polytechnic Institute,Computer Science,worcester_polytechnic_institute,https://www.wpi.edu/academics/departments/computer-science/faculty-staff,0,5508,ok,144,0,
University of Wisconsin Milwaukee,Computer Science,university_of_wisconsin_milwaukee,http://www.cs.uwm.edu/people/faculty/,0,0,empty,146,0,
University of Wisconsin Milwaukee,Computer Science,university_of_wisconsin_milwaukee,https://uwm.edu/engineering/ece/faculty/,0,0,empty,146,0,
University of Wisconsin Milwaukee,Computer Science,university_of_wisconsin_milwaukee,http://www.cs.uwm.edu/html/csFaculty.html,0,0,ok,146,0,
University of Wisconsin Milwaukee,Computer Science,university_of_wisconsin_milwaukee,http://www.cs.uwm.edu/html/csStaff.html,0,0,ok,146,0,
University of Wisconsin Milwaukee,Computer Science,university_of_wisconsin_milwaukee,https://uwm.edu/engineering/people-category/faculty/computer-science/,0,2988,ok,146,0,
University of Southern California,Computer Science (Viterbi School),university_of_southern_california,http://www.cs.usc.edu/people/faculty/,0,0,empty,148,0,
University of Southern California,Computer Science (Viterbi School),university_of_southern_california,https://www.cs.usc.edu/research/faculty/,0,0,empty,148,0,
University of Southern California,Computer Science (Viterbi School),university_of_southern_california,http://www.usc.edu/dept/cs/faculty/,0,0,ok,148,0,
University of Southern California,Computer Science (Viterbi School),university_of_southern_california,https://www.cs.usc.edu/directory/faculty/,0,18688,ok,148,0,
University of Connecticut,Computer Science and Engineering,university_of_connecticut,http://www.cse.uconn.edu/faculty/,0,0,empty,156,0,
University of Connecticut,Computer Science and Engineering,university_of_connecticut,https://www.cse.uconn.edu/about/faculty/,0,5094,empty,156,0,
University of Connecticut,Computer Science and Engineering,university_of_connecticut,http://www.cse.uconn.edu/people/faculty/,0,0,ok,156,0,
University of Maryland Baltimore County,Computer Science and Electrical Engineering,university_of_maryland_baltimore_county,http://www.cs.umbc.edu/faculty/,0,0,empty,160,0,
University of Maryland Baltimore County,Computer Science and Electrical Engineering,university_of_maryland_baltimore_county,http://www.csee.umbc.edu/faculty/,0,0,empty,160,0,
University of Maryland Baltimore County,Computer Science and Electrical Engineering,university_of_maryland_baltimore_county,https://www.csee.umbc.edu/people/faculty/,0,2090,ok,160,0,
Brandeis University,Computer Science (Michtom School),brandeis_university,http://www.cs.brandeis.edu/people/faculty.html,0,0,ok,162,0,
Brandeis University,Computer Science (Michtom School),brandeis_university,https://www.brandeis.edu/computer-science/people/index.html,0,7290,ok,162,0,
Brandeis University,Computer Science (Michtom School),brandeis_university,https://www.brandeis.edu/facultyguide/department.html?deptid=16600,0,0,ok,162,0,
University of Vermont,Computer Science,university_of_vermont,http://www.cs.uvm.edu/faculty/,0,0,empty,164,0,
University of Vermont,Computer Science,university_of_vermont,http://www.cs.uvm.edu/people/faculty/,0,0,empty,164,0,
University of Vermont,Computer Science,university_of_vermont,http://www.uvm.edu/~cems/cs/,0,0,ok,164,0,
University of Vermont,Computer Science,university_of_vermont,http://www.uvm.edu/~cems/cs/?Page=employee/default.php&SM=employee/_employeemenu.html,0,0,ok,164,0,
University of Vermont,Computer Science,university_of_vermont,http://www.uvm.edu/~cems/cs/?Page=employee/facstaff.php&SM=employee/_employeemenu.html,0,0,ok,164,0,
University of Vermont,Computer Science,university_of_vermont,http://www.uvm.edu/~cems/cs/?Page=faculty.php&SM=employee/_employeemenu.html,0,0,ok,164,0,
University of Vermont,Computer Science,university_of_vermont,https://www.uvm.edu/cems/cs/faculty,0,3030,ok,164,0,
University of Oregon,Computer Science,university_of_oregon,http://www.cs.uoregon.edu/faculty/,0,0,empty,166,0,
University of Oregon,Computer Science,university_of_oregon,http://www.cs.uoregon.edu/research/faculty/,0,0,empty,166,0,
University of Oregon,Computer Science,university_of_oregon,https://cas.uoregon.edu/directory/computer-and-data-sciences,0,7344,ok,166,0,
University of Oregon,Computer Science,university_of_oregon,https://www.cs.uoregon.edu/people/faculty/,0,0,ok,166,0,
University of Iowa,Computer Science,university_of_iowa,http://www.cs.uiowa.edu/faculty/,0,0,empty,176,0,
University of Rochester,Computer Science,university_of_rochester,http://www.cs.rochester.edu/u/faculty/,0,0,empty,176,0,
University of Iowa,Computer Science,university_of_iowa,http://www.cs.uiowa.edu/people/faculty/,0,0,ok,176,0,
University of Iowa,Computer Science,university_of_iowa,https://cs.uiowa.edu/people/faculty/,0,4368,ok,176,0,
University of Rochester,Computer Science,university_of_rochester,http://cs.rochester.edu/people/faculty/,0,0,ok,176,0,
University of Rochester,Computer Science,university_of_rochester,https://www.cs.rochester.edu/people/faculty/,0,5712,ok,176,0,
Drexel University,Computer Science,drexel_university,http://www.cs.drexel.edu/about/faculty/,0,0,empty,178,0,
Drexel University,Computer Science,drexel_university,http://www.cs.drexel.edu/faculty/,0,0,empty,178,0,
Drexel University,Computer Science,drexel_university,https://drexel.edu/cci/research/cs-department/faculty/,0,0,empty,178,0,
University of Missouri,Electrical Engineering and Computer Science,university_of_missouri,http://www.cs.missouri.edu/faculty/,0,0,empty,178,0,
University of Missouri,Electrical Engineering and Computer Science,university_of_missouri,http://www.cs.missouri.edu/people/faculty/,0,0,empty,178,0,
University of Missouri,Electrical Engineering and Computer Science,university_of_missouri,https://eecs.missouri.edu/people/faculty/,0,0,empty,178,0,
Drexel University,Computer Science,drexel_university,http://www.cs.drexel.edu/,0,0,ok,178,0,
Drexel University,Computer Science,drexel_university,https://drexel.edu/cci/academics/computer-science-department/faculty/,0,3572,ok,178,0,
University of Missouri,Electrical Engineering and Computer Science,university_of_missouri,http://www.cs.missouri.edu/,0,0,ok,178,0,
University of Missouri,Electrical Engineering and Computer Science,university_of_missouri,https://engineering.missouri.edu/departments/eecs/eecs-faculty/,0,1736,ok,178,0,
University of Texas at Arlington,Computer Science and Engineering,university_of_texas_at_arlington,http://www.cse.uta.edu/people/faculty/,0,0,empty,180,0,
University of Texas at Arlington,Computer Science and Engineering,university_of_texas_at_arlington,https://www.uta.edu/academics/schools-colleges/engineering/departments/cse/people/faculty,0,0,empty,180,0,
University of Texas at Arlington,Computer Science and Engineering,university_of_texas_at_arlington,http://www.cse.uta.edu/faculty/,0,0,ok,180,0,
University of Texas at Arlington,Computer Science and Engineering,university_of_texas_at_arlington,https://www.uta.edu/academics/schools-colleges/engineering/academics/departments/cse/faculty-directory,0,10050,ok,180,0,
University at Buffalo (SUNY),Computer Science and Engineering,university_at_buffalo_suny,http://www.cse.buffalo.edu/people/faculty/,0,0,empty,182,0,
University at Buffalo (SUNY),Computer Science and Engineering,university_at_buffalo_suny,http://www.cse.buffalo.edu/faculty/,0,0,ok,182,0,
University at Buffalo (SUNY),Computer Science and Engineering,university_at_buffalo_suny,https://engineering.buffalo.edu/computer-science-engineering/people/faculty-directory.html,0,5744,ok,182,0,
University of Illinois Urbana-Champaign,Computer Science (Siebel School of Computing and Data Science from 2024),university_of_illinois_urbana_champaign,http://cs.uiuc.edu/people/faculty,0,0,ok,182,0,
University of Illinois Urbana-Champaign,Computer Science (Siebel School of Computing and Data Science from 2024),university_of_illinois_urbana_champaign,http://www.cs.uiuc.edu/people/faculty,0,0,ok,182,0,
University of Illinois Urbana-Champaign,Computer Science (Siebel School of Computing and Data Science from 2024),university_of_illinois_urbana_champaign,https://cs.illinois.edu/about/people/all-faculty/department-faculty,0,17638,ok,182,0,
Texas A&M University,Computer Science and Engineering,texas_a_m_university,http://www.cse.tamu.edu/research/faculty/,0,0,empty,188,0,
Wayne State University,Computer Science,wayne_state_university,http://www.cs.wayne.edu/faculty/,0,0,empty,188,0,
Wayne State University,Computer Science,wayne_state_university,http://www.cs.wayne.edu/people/faculty/,0,0,empty,188,0,
Wayne State University,Computer Science,wayne_state_university,https://cs.wayne.edu/people/faculty/,0,0,empty,188,0,
Texas A&M University,Computer Science and Engineering,texas_a_m_university,http://www.cs.tamu.edu/faculty/,0,0,ok,188,0,
Texas A&M University,Computer Science and Engineering,texas_a_m_university,https://engineering.tamu.edu/cse/profiles/index.html#Research%20Staff,0,2558,ok,188,0,
Wayne State University,Computer Science,wayne_state_university,http://www.cs.wayne.edu/,0,0,ok,188,0,
Wayne State University,Computer Science,wayne_state_university,https://engineering.wayne.edu/computer-science/faculty,0,2382,ok,188,0,
University of Utah,Computer Science,university_of_utah,http://www.cs.utah.edu/research/faculty/,0,0,empty,196,0,
University of Utah,Computer Science,university_of_utah,https://www.cs.utah.edu/research/faculty/,0,15298,empty,196,0,
University of Utah,Computer Science,university_of_utah,http://www.cs.utah.edu/people/faculty/,0,0,ok,196,0,
Dartmouth College,Computer Science,dartmouth_college,http://www.cs.dartmouth.edu/faculty.html,0,0,empty,200,0,
Dartmouth College,Computer Science,dartmouth_college,http://www.cs.dartmouth.edu/people/faculty/,0,0,empty,200,0,
University of Notre Dame,Computer Science and Engineering,university_of_notre_dame,http://www.cse.nd.edu/research/faculty/,0,0,empty,200,0,
Dartmouth College,Computer Science,dartmouth_college,https://web.cs.dartmouth.edu/people,0,20784,ok,200,0,
Dartmouth College,Computer Science,dartmouth_college,https://web.cs.dartmouth.edu/people/faculty,0,0,ok,200,0,
University of Chicago,Computer Science,university_of_chicago,http://www.cs.uchicago.edu/faculty/,0,0,ok,200,0,
University of Chicago,Computer Science,university_of_chicago,http://www.cs.uchicago.edu/people/faculty/,0,0,ok,200,0,
University of Chicago,Computer Science,university_of_chicago,https://cs.uchicago.edu/people/faculty/,0,21282,ok,200,0,
University of Notre Dame,Computer Science and Engineering,university_of_notre_dame,http://www.cse.nd.edu/people/faculty/,0,0,ok,200,0,
University of Notre Dame,Computer Science and Engineering,university_of_notre_dame,https://cse.nd.edu/people/faculty/,0,8892,ok,200,0,
Yale University,Computer Science,yale_university,http://www.cs.yale.edu/faculty/,0,0,empty,202,0,
Yale University,Computer Science,yale_university,http://www.cs.yale.edu/people/,0,0,ok,202,0,
Yale University,Computer Science,yale_university,http://www.cs.yale.edu/people/faculty.html,0,0,ok,202,0,
Yale University,Computer Science,yale_university,https://cpsc.yale.edu/people,0,0,ok,202,0,
Yale University,Computer Science,yale_university,https://cpsc.yale.edu/people/faculty,0,7074,ok,202,0,
Colorado State University,Computer Science,colorado_state_university,http://www.cs.colostate.edu/faculty/,0,0,empty,210,0,
Colorado State University,Computer Science,colorado_state_university,https://www.cs.colostate.edu/people/faculty/,0,4240,empty,210,0,
Colorado State University,Computer Science,colorado_state_university,http://www.cs.colostate.edu/,0,0,ok,210,0,
Colorado State University,Computer Science,colorado_state_university,http://www.engr.colostate.edu/ece/facultystaff/index.cfm,0,0,ok,210,0,
University of Kansas,Electrical Engineering and Computer Science,university_of_kansas,http://www.ittc.ku.edu/faculty/,0,0,empty,212,0,
University of Louisiana at Lafayette,Computer Science (School of Computing and Informatics),university_of_louisiana_at_lafayette,http://computing.louisiana.edu/faculty/,0,0,empty,212,0,
University of Kansas,Electrical Engineering and Computer Science,university_of_kansas,http://www.eecs.ku.edu/faculty/,0,0,ok,212,0,
University of Kansas,Electrical Engineering and Computer Science,university_of_kansas,https://www.eecs.ku.edu/people/faculty/,0,18740,ok,212,0,
University of Louisiana at Lafayette,Computer Science (School of Computing and Informatics),university_of_louisiana_at_lafayette,http://www.cacs.louisiana.edu/people/faculty/,0,0,ok,212,0,
University of Louisiana at Lafayette,Computer Science (School of Computing and Informatics),university_of_louisiana_at_lafayette,https://computing.louisiana.edu/,0,0,ok,212,0,
University of Louisiana at Lafayette,Computer Science (School of Computing and Informatics),university_of_louisiana_at_lafayette,https://computing.louisiana.edu/about-us/faculty-staff-0,0,2408,ok,212,0,
University of Kentucky,Computer Science,university_of_kentucky,http://www.engr.uky.edu/research/academics/departments/cs/,0,0,empty,220,0,
University of Kentucky,Computer Science,university_of_kentucky,https://cs.engr.uky.edu/people-4,0,4116,empty,220,0,
University of Kentucky,Computer Science,university_of_kentucky,http://www.cs.uky.edu/faculty/,0,0,ok,220,0,
University of Kentucky,Computer Science,university_of_kentucky,https://www.cs.uky.edu/people/faculty/,0,0,ok,220,0,
Penn State University,Computer Science and Engineering,penn_state_university,http://www.cse.psu.edu/faculty/,0,0,empty,224,0,
Penn State University,Computer Science and Engineering,penn_state_university,http://www.cse.psu.edu/research/faculty/,0,0,empty,224,0,
Penn State University,Computer Science and Engineering,penn_state_university,https://www.cse.psu.edu/people/faculty,0,1128,empty,224,0,
Penn State University,Computer Science and Engineering,penn_state_university,http://www.cse.psu.edu/,0,0,ok,224,0,
Princeton University,Computer Science,princeton_university,http://www.cs.princeton.edu/faculty/,0,0,empty,232,0,
University of North Carolina Chapel Hill,Computer Science,university_of_north_carolina_chapel_hill,http://www.cs.unc.edu/~faculty/,0,0,empty,232,0,
Princeton University,Computer Science,princeton_university,http://www.cs.princeton.edu/people/faculty,0,0,ok,232,0,
Princeton University,Computer Science,princeton_university,https://www.cs.princeton.edu/people/faculty,0,22254,ok,232,0,
University of North Carolina Chapel Hill,Computer Science,university_of_north_carolina_chapel_hill,http://www.cs.unc.edu/people/faculty/,0,0,ok,232,0,
University of North Carolina Chapel Hill,Computer Science,university_of_north_carolina_chapel_hill,https://cs.unc.edu/people/faculty/,0,2544,ok,232,0,
University of Maine,Computer Science,university_of_maine,http://www.cs.umaine.edu/faculty/,0,0,empty,234,0,
University of Maine,Computer Science,university_of_maine,http://www.cs.umaine.edu/people/faculty/,0,0,empty,234,0,
University of Maine,Computer Science,university_of_maine,https://umaine.edu/cs/people/faculty/,0,9946,empty,234,0,
University of Maine,Computer Science,university_of_maine,https://umaine.edu/cs/,0,0,ok,234,0,
University of Tennessee,Electrical Engineering and Computer Science,university_of_tennessee,http://www.cs.utk.edu/faculty/,0,0,empty,236,0,
University of Tennessee,Electrical Engineering and Computer Science,university_of_tennessee,http://www.cs.utk.edu/people/faculty/,0,0,ok,236,0,
University of Tennessee,Electrical Engineering and Computer Science,university_of_tennessee,https://eecs.utk.edu/faculty/,0,13178,ok,236,0,
University of Tennessee,Electrical Engineering and Computer Science,university_of_tennessee,https://www.eecs.utk.edu/people/faculty/,0,0,ok,236,0,
Cornell University,Computer Science,cornell_university,https://www.cs.cornell.edu/people,0,15898,ok,262,0,
University of New Mexico,Computer Science,university_of_new_mexico,http://www.cs.unm.edu/~faculty/,0,0,empty,268,0,
University of New Mexico,Computer Science,university_of_new_mexico,http://www.cs.unm.edu/people/faculty/,0,0,ok,268,0,
University of New Mexico,Computer Science,university_of_new_mexico,https://cs.unm.edu/people/faculty/,0,16328,ok,268,0,
University of Wisconsin-Madison,Computer Sciences,university_of_wisconsin_madison,http://www.cs.wisc.edu/people/faculty,0,0,ok,272,0,
University of Wisconsin-Madison,Computer Sciences,university_of_wisconsin_madison,https://www.cs.wisc.edu/people/,0,0,ok,272,0,
University of Wisconsin-Madison,Computer Sciences,university_of_wisconsin_madison,https://www.cs.wisc.edu/people/faculty,0,11314,ok,272,0,
Harvard University,Computer Science (SEAS / EECS),harvard_university,http://www.deas.harvard.edu/people/faculty/,0,0,empty,274,0,
Harvard University,Computer Science (SEAS / EECS),harvard_university,http://www.eecs.harvard.edu/people/,0,0,empty,274,0,
Harvard University,Computer Science (SEAS / EECS),harvard_university,http://www.eecs.harvard.edu/research/,0,0,empty,274,0,
Harvard University,Computer Science (SEAS / EECS),harvard_university,https://www.seas.harvard.edu/computer-science/faculty,0,5458,empty,274,0,
Harvard University,Computer Science (SEAS / EECS),harvard_university,http://www.deas.harvard.edu/,0,0,ok,274,0,
Harvard University,Computer Science (SEAS / EECS),harvard_university,http://www.eecs.harvard.edu/,0,0,ok,274,0,
Harvard University,Computer Science (SEAS / EECS),harvard_university,http://www.seas.harvard.edu/ourfaculty/viewalpha/index.html,0,0,ok,274,0,
University of Arkansas,Computer Science and Computer Engineering,university_of_arkansas,http://www.csce.uark.edu/faculty/,0,0,empty,276,0,
University of Arkansas,Computer Science and Computer Engineering,university_of_arkansas,http://www.csce.uark.edu/people/faculty/,0,0,empty,276,0,
University of Arkansas,Computer Science and Computer Engineering,university_of_arkansas,https://engineering.uark.edu/computer-science-computer-engineering/people/faculty/,0,2718,empty,276,0,
University of Nevada Las Vegas,Computer Science,university_of_nevada_las_vegas,http://www.cs.unlv.edu/faculty/,0,0,empty,276,0,
University of Nevada Las Vegas,Computer Science,university_of_nevada_las_vegas,http://www.cs.unlv.edu/people/faculty/,0,0,empty,276,0,
University of Nevada Las Vegas,Computer Science,university_of_nevada_las_vegas,https://www.unlv.edu/cs/about/faculty,0,2552,empty,276,0,
University of Arkansas,Computer Science and Computer Engineering,university_of_arkansas,http://www.csce.uark.edu/,0,0,ok,276,0,
University of Nevada Las Vegas,Computer Science,university_of_nevada_las_vegas,http://www.cs.unlv.edu/,0,0,ok,276,0,
California Institute of Technology,Computing + Mathematical Sciences,california_institute_of_technology,http://www.cms.caltech.edu/people/faculty,0,0,ok,280,0,
California Institute of Technology,Computing + Mathematical Sciences,california_institute_of_technology,https://www.cms.caltech.edu/people,0,0,ok,280,0,
California Institute of Technology,Computing + Mathematical Sciences,california_institute_of_technology,https://www.cms.caltech.edu/people/faculty,0,21288,ok,280,0,
Lehigh University,Computer Science and Engineering,lehigh_university,http://www.cse.lehigh.edu/faculty/,0,0,empty,290,0,
Lehigh University,Computer Science and Engineering,lehigh_university,http://www.cse.lehigh.edu/~faculty/,0,0,empty,290,0,
Lehigh University,Computer Science and Engineering,lehigh_university,https://www.cse.lehigh.edu/about/faculty/,0,2354,empty,290,0,
Lehigh University,Computer Science and Engineering,lehigh_university,http://www.cse.lehigh.edu/,0,0,ok,290,0,
Lehigh University,Computer Science and Engineering,lehigh_university,http://www.cse.lehigh.edu/people/directory.html,0,0,ok,290,0,
Northwestern University,Computer Science,northwestern_university,http://www.eecs.northwestern.edu/faculty/,0,0,empty,294,0,
Ohio State University,Computer Science and Engineering,ohio_state_university,http://www.cis.ohio-state.edu/faculty.html,0,0,empty,294,0,
Ohio State University,Computer Science and Engineering,ohio_state_university,http://www.cse.ohio-state.edu/people/faculty,0,0,empty,294,0,
Ohio State University,Computer Science and Engineering,ohio_state_university,https://cse.osu.edu/people/faculty,0,8094,empty,294,0,
Northwestern University,Computer Science,northwestern_university,http://www.cs.northwestern.edu/,0,0,ok,294,0,
Northwestern University,Computer Science,northwestern_university,http://www.cs.northwestern.edu/people/faculty.html,0,0,ok,294,0,
Northwestern University,Computer Science,northwestern_university,https://www.mccormick.northwestern.edu/computer-science/people/faculty/,0,3672,ok,294,0,
Ohio State University,Computer Science and Engineering,ohio_state_university,http://www.cis.ohio-state.edu/,0,0,ok,294,0,
Ohio State University,Computer Science and Engineering,ohio_state_university,http://www.cse.ohio-state.edu/,0,0,ok,294,0,
Boston University,Computer Science,boston_university,http://www.cs.bu.edu/people/faculty/,0,0,empty,298,0,
Oklahoma State University,Computer Science,oklahoma_state_university,http://www.cs.okstate.edu/faculty/,0,0,empty,298,0,
Oklahoma State University,Computer Science,oklahoma_state_university,http://www.eecs.okstate.edu/people/faculty/,0,0,empty,298,0,
Oklahoma State University,Computer Science,oklahoma_state_university,https://www.cs.okstate.edu/people/faculty/,0,0,empty,298,0,
Boston University,Computer Science,boston_university,http://www.cs.bu.edu/faculty/,0,0,ok,298,0,
Boston University,Computer Science,boston_university,https://www.bu.edu/cs/people/faculty/,0,10920,ok,298,0,
Oklahoma State University,Computer Science,oklahoma_state_university,http://www.cs.okstate.edu/,0,0,ok,298,0,
Oklahoma State University,Computer Science,oklahoma_state_university,https://cas.okstate.edu/computer_science/about_us/faculty_staff.html,0,3088,ok,298,0,
University of Nevada Reno,Computer Science and Engineering,university_of_nevada_reno,http://www.cs.unr.edu/faculty/,0,0,empty,302,0,
University of Nevada Reno,Computer Science and Engineering,university_of_nevada_reno,http://www.cse.unr.edu/faculty/,0,0,empty,302,0,
University of Nevada Reno,Computer Science and Engineering,university_of_nevada_reno,https://www.cse.unr.edu/research/faculty/,0,1204,empty,302,0,
University of Nevada Reno,Computer Science and Engineering,university_of_nevada_reno,http://www.cs.unr.edu/,0,0,ok,302,0,
University of Nevada Reno,Computer Science and Engineering,university_of_nevada_reno,http://www.cse.unr.edu/,0,0,ok,302,0,
University of Nevada Reno,Computer Science and Engineering,university_of_nevada_reno,http://www.unr.edu/cse/people/faculty,0,0,ok,302,0,
Johns Hopkins University,Computer Science,johns_hopkins_university,http://cs.jhu.edu/people/faculty/,0,0,empty,304,0,
Johns Hopkins University,Computer Science,johns_hopkins_university,http://www.cs.jhu.edu/~faculty/,0,0,empty,304,0,
Johns Hopkins University,Computer Science,johns_hopkins_university,http://www.cs.jhu.edu/people_ap.html,0,0,ok,304,0,
Johns Hopkins University,Computer Science,johns_hopkins_university,http://www.cs.jhu.edu/people_f.html,0,0,ok,304,0,
Johns Hopkins University,Computer Science,johns_hopkins_university,http://www.cs.jhu.edu/people_rf.html,0,0,ok,304,0,
Johns Hopkins University,Computer Science,johns_hopkins_university,https://www.cs.jhu.edu/people/,0,2254,ok,304,0,
University of Wyoming,Computer Science,university_of_wyoming,http://www.cs.uwyo.edu/people/faculty/,0,0,empty,306,0,
University of Wyoming,Computer Science,university_of_wyoming,https://www.cs.uwyo.edu/research/faculty/,0,0,empty,306,0,
University of Wyoming,Computer Science,university_of_wyoming,https://www.uwyo.edu/soc/people/faculty/index.html,0,7292,empty,306,0,
University of Wyoming,Computer Science,university_of_wyoming,http://cs.uwyo.edu/faculty/a-z.html,0,0,ok,306,0,
University of Wyoming,Computer Science,university_of_wyoming,http://www.cs.uwyo.edu/faculty/,0,0,ok,306,0,
University of Wyoming,Computer Science,university_of_wyoming,http://www.cs.uwyo.edu/faculty/a-z.html,0,0,ok,306,0,
University of Wyoming,Computer Science,university_of_wyoming,https://www.uwyo.edu/soc/people/index.html,0,0,ok,306,0,
West Virginia University,Computer Science and Electrical Engineering,west_virginia_university,http://www.cs.wvu.edu/people/faculty/,0,0,empty,308,0,
West Virginia University,Computer Science and Electrical Engineering,west_virginia_university,http://www.csee.wvu.edu/people/faculty/,0,0,empty,308,0,
West Virginia University,Computer Science and Electrical Engineering,west_virginia_university,https://www.csee.wvu.edu/research/people/faculty/,0,8092,empty,308,0,
West Virginia University,Computer Science and Electrical Engineering,west_virginia_university,http://www.cemr.wvu.edu/faculty/directory.php?dept=2&type=faculty&deptabbr=Lane+Department,0,0,ok,308,0,
West Virginia University,Computer Science and Electrical Engineering,west_virginia_university,http://www.cs.wvu.edu/,0,0,ok,308,0,
West Virginia University,Computer Science and Electrical Engineering,west_virginia_university,http://www.csee.wvu.edu/,0,0,ok,308,0,
West Virginia University,Computer Science and Electrical Engineering,west_virginia_university,http://www.lcsee.cemr.wvu.edu/faculty/directory.php,0,0,ok,308,0,
West Virginia University,Computer Science and Electrical Engineering,west_virginia_university,http://www.statler.wvu.edu/faculty/directory.php?order=Alpha,0,0,ok,308,0,
North Carolina State University,Computer Science,north_carolina_state_university,https://csc.ncsu.edu/group/faculty/,0,25998,empty,312,0,
North Carolina State University,Computer Science,north_carolina_state_university,https://csc.ncsu.edu/group/faculty/professors/,0,0,empty,312,0,
Syracuse University,Electrical Engineering and Computer Science,syracuse_university,http://www.ecs.syr.edu/faculty/cs/,0,0,empty,312,0,
Syracuse University,Electrical Engineering and Computer Science,syracuse_university,http://www.eecs.syr.edu/people/faculty/,0,0,empty,312,0,
Syracuse University,Electrical Engineering and Computer Science,syracuse_university,https://www.lcs.syr.edu/people/faculty/,0,924,empty,312,0,
North Carolina State University,Computer Science,north_carolina_state_university,https://csc.ncsu.edu/directories/faculty.php,0,0,ok,312,0,
Syracuse University,Electrical Engineering and Computer Science,syracuse_university,http://www.ecs.syr.edu/,0,0,ok,312,0,
Syracuse University,Electrical Engineering and Computer Science,syracuse_university,http://www.eecs.syr.edu/,0,0,ok,312,0,
Syracuse University,Electrical Engineering and Computer Science,syracuse_university,https://ecs.syracuse.edu/faculty-staff/?category=electrical-engineering-and-computer-science&people=,0,0,ok,312,0,
UC Riverside,Computer Science and Engineering,uc_riverside,http://www.cs.ucr.edu/faculty/,0,0,empty,316,0,
UC Riverside,Computer Science and Engineering,uc_riverside,https://www1.cs.ucr.edu/about/faculty-directory/,0,0,empty,316,0,
UC Riverside,Computer Science and Engineering,uc_riverside,http://www.cs.ucr.edu/people/faculty/,0,0,ok,316,0,
UC Riverside,Computer Science and Engineering,uc_riverside,https://www1.cs.ucr.edu/people/faculty,0,8464,ok,316,0,
Columbia University,Computer Science,columbia_university,http://www.cs.columbia.edu/~faculty/,0,0,empty,338,0,
Columbia University,Computer Science,columbia_university,http://www.cs.columbia.edu/people/faculty/,0,0,ok,338,0,
Columbia University,Computer Science,columbia_university,https://www.cs.columbia.edu/people/faculty/,0,23902,ok,338,0,
Georgia Institute of Technology,School of Computer Science,georgia_institute_of_technology,http://www.cc.gatech.edu/people/faculty,0,0,ok,358,0,
Georgia Institute of Technology,School of Computer Science,georgia_institute_of_technology,https://scs.gatech.edu/people/faculty,0,24300,ok,358,0,
University of Texas at Dallas,Computer Science,university_of_texas_at_dallas,http://www.utdallas.edu/~faculty/cs/,0,0,empty,364,0,
University of Texas at Dallas,Computer Science,university_of_texas_at_dallas,http://www.cs.utdallas.edu/people/faculty/,0,0,ok,364,0,
University of Texas at Dallas,Computer Science,university_of_texas_at_dallas,https://cs.utdallas.edu/people/faculty/,0,33608,ok,364,0,
Rensselaer Polytechnic Institute,Computer Science,rensselaer_polytechnic_institute,http://www.cs.rpi.edu/faculty/,0,0,empty,372,0,
Rensselaer Polytechnic Institute,Computer Science,rensselaer_polytechnic_institute,https://www.cs.rpi.edu/people/faculty/,0,0,empty,372,0,
Rensselaer Polytechnic Institute,Computer Science,rensselaer_polytechnic_institute,http://www.cs.rpi.edu/people/,0,0,ok,372,0,
Rensselaer Polytechnic Institute,Computer Science,rensselaer_polytechnic_institute,http://www.cs.rpi.edu/people/faculty.html,0,0,ok,372,0,
Rensselaer Polytechnic Institute,Computer Science,rensselaer_polytechnic_institute,https://compsci.rpi.edu/people,0,11596,ok,372,0,
University of Hawaii,Information and Computer Sciences,university_of_hawaii,http://www.ics.hawaii.edu/faculty/,0,0,empty,380,0,
University of Hawaii,Information and Computer Sciences,university_of_hawaii,http://www.ics.hawaii.edu/,0,0,ok,380,0,
University of Hawaii,Information and Computer Sciences,university_of_hawaii,https://www.ics.hawaii.edu/people/faculty/,0,2610,ok,380,0,
UC Berkeley,Electrical Engineering and Computer Sciences (EECS),uc_berkeley,https://eecs.berkeley.edu/research/faculty/,0,0,empty,382,0,
UC Davis,Computer Science,uc_davis,http://www.cs.ucdavis.edu/faculty/,0,0,empty,382,0,
UC Davis,Computer Science,uc_davis,https://www.cs.ucdavis.edu/research/faculty/,0,0,empty,382,0,
Brown University,Computer Science,brown_university,https://www.cs.brown.edu/people/faculty/,0,20486,ok,382,0,
UC Berkeley,Electrical Engineering and Computer Sciences (EECS),uc_berkeley,http://www.cs.berkeley.edu/people/faculty/,0,0,ok,382,0,
UC Berkeley,Electrical Engineering and Computer Sciences (EECS),uc_berkeley,http://www.eecs.berkeley.edu/Faculty/,0,0,ok,382,0,
UC Berkeley,Electrical Engineering and Computer Sciences (EECS),uc_berkeley,http://www.eecs.berkeley.edu/Faculty/Lists/CS/list.shtml,0,0,ok,382,0,
UC Berkeley,Electrical Engineering and Computer Sciences (EECS),uc_berkeley,https://www2.eecs.berkeley.edu/Faculty/Lists/CS/faculty.html,0,40626,ok,382,0,
UC Berkeley,Electrical Engineering and Computer Sciences (EECS),uc_berkeley,https://www2.eecs.berkeley.edu/Faculty/Lists/faculty.html,0,0,ok,382,0,
UC Davis,Computer Science,uc_davis,http://www.cs.ucdavis.edu/people/faculty/,0,0,ok,382,0,
UC Davis,Computer Science,uc_davis,https://cs.ucdavis.edu/people,0,10232,ok,382,0,
Purdue University,Computer Science,purdue_university,http://www.cs.purdue.edu/people/faculty/,0,0,ok,384,0,
Purdue University,Computer Science,purdue_university,http://www.cs.purdue.edu/people/faculty/index.html,0,0,ok,384,0,
Purdue University,Computer Science,purdue_university,https://cs.purdue.edu/people/faculty/index.html,0,37948,ok,384,0,
University of Nebraska-Lincoln,Computer Science and Engineering,university_of_nebraska_lincoln,http://www.cse.unl.edu/people/,0,0,empty,390,0,
University of Nebraska-Lincoln,Computer Science and Engineering,university_of_nebraska_lincoln,http://www.cse.unl.edu/research/faculty/,0,0,empty,390,0,
University of Nebraska-Lincoln,Computer Science and Engineering,university_of_nebraska_lincoln,https://computing.unl.edu/directory/,0,0,empty,390,0,
University of Nebraska-Lincoln,Computer Science and Engineering,university_of_nebraska_lincoln,https://computing.unl.edu/faculty-research-directory/,0,0,empty,390,0,
University of Nebraska-Lincoln,Computer Science and Engineering,university_of_nebraska_lincoln,https://cse.unl.edu/people/faculty/,0,0,empty,390,0,
University of Nebraska-Lincoln,Computer Science and Engineering,university_of_nebraska_lincoln,http://www.cse.unl.edu/,0,0,ok,390,0,
University of Nebraska-Lincoln,Computer Science and Engineering,university_of_nebraska_lincoln,https://computing.unl.edu/faculty-staff/,0,3524,ok,390,0,
New York University,Computer Science (Courant / Tandon),new_york_university,http://cs.nyu.edu/cs/full-faculty.html,0,0,empty,400,0,
New York University,Computer Science (Courant / Tandon),new_york_university,http://www.cs.nyu.edu/faculty/,0,0,empty,400,0,
New York University,Computer Science (Courant / Tandon),new_york_university,https://cs.nyu.edu/dynamic/people/faculty/,0,20366,ok,400,0,
New York University,Computer Science (Courant / Tandon),new_york_university,https://cs.nyu.edu/dynamic/people/phd_students/,0,0,ok,400,0,
New York University,Computer Science (Courant / Tandon),new_york_university,https://cs.nyu.edu/dynamic/people/researchers/,0,0,ok,400,0,
New York University,Computer Science (Courant / Tandon),new_york_university,https://cs.nyu.edu/dynamic/people/staff/,0,0,ok,400,0,
University of Maryland,Computer Science,university_of_maryland,https://www.cs.umd.edu/people,0,0,ok,402,0,
University of Maryland,Computer Science,university_of_maryland,https://www.cs.umd.edu/people/faculty,0,43168,ok,402,0,
University of Virginia,Computer Science,university_of_virginia,http://www.cs.virginia.edu/~faculty/,0,0,empty,404,0,
University of Virginia,Computer Science,university_of_virginia,http://www.cs.virginia.edu/people/,0,0,ok,404,0,
University of Virginia,Computer Science,university_of_virginia,http://www.cs.virginia.edu/people/faculty.html,0,0,ok,404,0,
University of Virginia,Computer Science,university_of_virginia,http://www.cs.virginia.edu/people/faculty/,0,0,ok,404,0,
University of Virginia,Computer Science,university_of_virginia,https://engineering.virginia.edu/departments/computer-science/faculty,0,11000,ok,404,0,
Montana State University,Computer Science,montana_state_university,https://www.cs.montana.edu/people/faculty/,0,3956,empty,412,0,
Montana State University,Computer Science,montana_state_university,http://www.cs.montana.edu/,0,0,ok,412,0,
Montana State University,Computer Science,montana_state_university,http://www.cs.montana.edu/faculty/,0,0,ok,412,0,
Montana State University,Computer Science,montana_state_university,http://www.cs.montana.edu/faculty/faculty.html,0,0,ok,412,0,
Virginia Tech,Computer Science,virginia_tech,http://cs.vt.edu/faculty/,0,0,empty,418,0,
Virginia Tech,Computer Science,virginia_tech,http://www.cs.vt.edu/people/faculty.html,0,0,empty,418,0,
Virginia Tech,Computer Science,virginia_tech,https://cs.vt.edu/people/faculty.html,0,8044,empty,418,0,
Virginia Tech,Computer Science,virginia_tech,http://www.cs.vt.edu/,0,0,ok,418,0,
University of Florida,Computer and Information Science and Engineering,university_of_florida,http://cise.ufl.edu/research/faculty/,0,0,empty,420,0,
University of Florida,Computer and Information Science and Engineering,university_of_florida,https://www.cise.ufl.edu/research/faculty/,0,0,empty,420,0,
University of Florida,Computer and Information Science and Engineering,university_of_florida,http://www.cise.ufl.edu/people/faculty/,0,0,ok,420,0,
University of Florida,Computer and Information Science and Engineering,university_of_florida,https://cise.ufl.edu/people/faculty/,0,14364,ok,420,0,
UC Santa Barbara,Computer Science,uc_santa_barbara,http://www.cs.ucsb.edu/research/faculty/,0,0,empty,426,0,
UC Santa Barbara,Computer Science,uc_santa_barbara,http://www.cs.ucsb.edu/people/,0,0,ok,426,0,
UC Santa Barbara,Computer Science,uc_santa_barbara,https://www.cs.ucsb.edu/people/faculty,0,18662,ok,426,0,
Old Dominion University,Computer Science,old_dominion_university,http://www.cs.odu.edu/people/faculty/,0,0,empty,436,0,
Old Dominion University,Computer Science,old_dominion_university,http://www.cs.odu.edu/~faculty/,0,0,empty,436,0,
Old Dominion University,Computer Science,old_dominion_university,https://www.odu.edu/computer-science/about/people/faculty,0,9316,empty,436,0,
Old Dominion University,Computer Science,old_dominion_university,http://www.cs.odu.edu/,0,0,ok,436,0,
Massachusetts Institute of Technology,Computer Science (EECS / CSAIL),massachusetts_institute_of_technology,http://www.csail.mit.edu/biographies/,0,0,empty,446,0,
Massachusetts Institute of Technology,Computer Science (EECS / CSAIL),massachusetts_institute_of_technology,http://www.ai.mit.edu/people/,0,0,ok,446,0,
Massachusetts Institute of Technology,Computer Science (EECS / CSAIL),massachusetts_institute_of_technology,http://www.eecs.mit.edu/faculty/,0,0,ok,446,0,
Massachusetts Institute of Technology,Computer Science (EECS / CSAIL),massachusetts_institute_of_technology,https://www.csail.mit.edu/people,0,0,ok,446,0,
Massachusetts Institute of Technology,Computer Science (EECS / CSAIL),massachusetts_institute_of_technology,https://www.eecs.mit.edu/people/,0,45924,ok,446,0,
Massachusetts Institute of Technology,Computer Science (EECS / CSAIL),massachusetts_institute_of_technology,https://www.eecs.mit.edu/role/faculty-cs/,0,0,ok,446,0,
Massachusetts Institute of Technology,Computer Science (EECS / CSAIL),massachusetts_institute_of_technology,https://www.eecs.mit.edu/role/faculty/,0,0,ok,446,0,
University of Mississippi,Computer and Information Science,university_of_mississippi,http://www.cs.olemiss.edu/faculty/,0,0,ok,452,0,
University of Mississippi,Computer and Information Science,university_of_mississippi,http://www.cs.olemiss.edu/people/,0,0,ok,452,0,
University of Mississippi,Computer and Information Science,university_of_mississippi,https://cs.olemiss.edu/people/,0,5726,ok,452,0,
George Mason University,Computer Science,george_mason_university,http://www.cs.gmu.edu/people/faculty/,0,0,empty,456,0,
George Mason University,Computer Science,george_mason_university,http://www.cs.gmu.edu/~faculty/,0,0,empty,456,0,
George Mason University,Computer Science,george_mason_university,https://cs.gmu.edu/about/faculty/,0,6362,empty,456,0,
George Mason University,Computer Science,george_mason_university,http://www.cs.gmu.edu/,0,0,ok,456,0,
Rutgers University,Computer Science,rutgers_university,http://cs.rutgers.edu/research/faculty/,0,0,empty,458,0,
Rutgers University,Computer Science,rutgers_university,http://www.cs.rutgers.edu/faculty/,0,0,empty,458,0,
Rutgers University,Computer Science,rutgers_university,https://www.cs.rutgers.edu/people/faculty-members,0,15886,empty,458,0,
Rutgers University,Computer Science,rutgers_university,http://www.cs.rutgers.edu/,0,0,ok,458,0,
UC Irvine,Computer Science (Donald Bren School of ICS),uc_irvine,http://www.ics.uci.edu/people/faculty/,0,0,empty,464,0,
UC Irvine,Computer Science (Donald Bren School of ICS),uc_irvine,http://www.cs.uci.edu/faculty/,0,0,ok,464,0,
UC Irvine,Computer Science (Donald Bren School of ICS),uc_irvine,https://www.ics.uci.edu/faculty/,0,38222,ok,464,0,
Stanford University,Computer Science,stanford_university,http://www.cs.stanford.edu/faculty.html,0,0,empty,466,0,
University of South Carolina,Computer Science and Engineering,university_of_south_carolina,http://www.cs.sc.edu/faculty/,0,0,empty,466,0,
University of South Carolina,Computer Science and Engineering,university_of_south_carolina,http://www.cse.sc.edu/people/faculty/,0,0,empty,466,0,
University of South Carolina,Computer Science and Engineering,university_of_south_carolina,https://www.cse.sc.edu/research/faculty,0,11838,empty,466,0,
Stanford University,Computer Science,stanford_university,http://www-cs-faculty.stanford.edu/,0,0,ok,466,0,
Stanford University,Computer Science,stanford_university,https://www.cs.stanford.edu/people,0,12580,ok,466,0,
University of South Carolina,Computer Science and Engineering,university_of_south_carolina,http://www.cs.sc.edu/,0,0,ok,466,0,
University of South Carolina,Computer Science and Engineering,university_of_south_carolina,http://www.cse.sc.edu/,0,0,ok,466,0,
University of Pennsylvania,Computer and Information Science,university_of_pennsylvania,http://www.cis.upenn.edu/faculty/,0,0,empty,480,0,
University of Pennsylvania,Computer and Information Science,university_of_pennsylvania,http://www.cis.upenn.edu/index.php/people/,0,0,empty,480,0,
University of Pennsylvania,Computer and Information Science,university_of_pennsylvania,https://www.cis.upenn.edu/people/faculty/,0,0,empty,480,0,
University of Pennsylvania,Computer and Information Science,university_of_pennsylvania,http://www.cis.upenn.edu/,0,0,ok,480,0,
University of Pennsylvania,Computer and Information Science,university_of_pennsylvania,https://directory.seas.upenn.edu/computer-and-information-science/,0,13390,ok,480,0,
Loyola University Chicago,Computer Science,loyola_university_chicago,http://www.cs.luc.edu/faculty/,0,0,empty,490,0,
Loyola University Chicago,Computer Science,loyola_university_chicago,http://www.cs.luc.edu/people/,0,0,ok,490,0,
Loyola University Chicago,Computer Science,loyola_university_chicago,https://www.luc.edu/cs/,0,0,ok,490,0,
Loyola University Chicago,Computer Science,loyola_university_chicago,https://www.luc.edu/cs/aboutus/people/full-timefaculty/,0,7414,ok,490,0,
University of Alabama,Computer Science,university_of_alabama,http://cs.ua.edu/people/faculty/,0,0,empty,510,0,
University of Alabama,Computer Science,university_of_alabama,http://www.cs.ua.edu/faculty/,0,0,empty,510,0,
University of Alabama,Computer Science,university_of_alabama,https://www.cs.ua.edu/people/faculty/,0,3670,empty,510,0,
University of Alabama,Computer Science,university_of_alabama,http://cs.ua.edu/people/index.asp,0,0,ok,510,0,
University of Alabama,Computer Science,university_of_alabama,http://cs.ua.edu/people/researchfaculty.asp,0,0,ok,510,0,
University of Alabama,Computer Science,university_of_alabama,http://cs.ua.edu/staff.html,0,0,ok,510,0,
University of Alabama,Computer Science,university_of_alabama,http://www.cs.ua.edu/,0,0,ok,510,0,
University of Alabama,Computer Science,university_of_alabama,https://eng.ua.edu/departments/computer-science/,0,0,ok,510,0,
Tufts University,Computer Science,tufts_university,http://www.cs.tufts.edu/faculty/,0,0,empty,570,0,
Tufts University,Computer Science,tufts_university,http://www.cs.tufts.edu/,0,0,ok,570,0,
Tufts University,Computer Science,tufts_university,http://www.cs.tufts.edu/People/faculty.html,0,0,ok,570,0,
Tufts University,Computer Science,tufts_university,https://www.cs.tufts.edu/people/faculty/,0,8392,ok,570,0,
Indiana University,"Computer Science (Luddy School of Informatics, Computing, and Engineering)",indiana_university,https://www.soic.indiana.edu/faculty/index.html,0,0,empty,572,0,
Indiana University,"Computer Science (Luddy School of Informatics, Computing, and Engineering)",indiana_university,http://www.cs.indiana.edu/People/,0,0,ok,572,0,
Indiana University,"Computer Science (Luddy School of Informatics, Computing, and Engineering)",indiana_university,http://www.cs.indiana.edu/people/,0,0,ok,572,0,
Indiana University,"Computer Science (Luddy School of Informatics, Computing, and Engineering)",indiana_university,https://cs.indiana.edu/people/index.html,0,16332,ok,572,0,
University of California San Diego,Computer Science and Engineering,university_of_california_san_diego,http://www-cse.ucsd.edu/people/faculty,0,0,empty,658,0,
University of California San Diego,Computer Science and Engineering,university_of_california_san_diego,http://www.cse.ucsd.edu/people/faculty,0,0,empty,658,0,
University of California San Diego,Computer Science and Engineering,university_of_california_san_diego,https://cse.ucsd.edu/faculty,0,31106,empty,658,0,
University of California San Diego,Computer Science and Engineering,university_of_california_san_diego,http://www-cse.ucsd.edu/,0,0,ok,658,0,
University of California San Diego,Computer Science and Engineering,university_of_california_san_diego,http://www.cse.ucsd.edu/,0,0,ok,658,0,
University of Washington,Computer Science and Engineering (Paul G. Allen School),university_of_washington,http://www.cs.washington.edu/research/faculty/,0,0,empty,724,0,
University of Washington,Computer Science and Engineering (Paul G. Allen School),university_of_washington,http://www.cs.washington.edu/people/,0,0,ok,724,0,
University of Washington,Computer Science and Engineering (Paul G. Allen School),university_of_washington,https://www.cs.washington.edu/people/faculty/,0,23608,ok,724,0,
Iowa State University,Computer Science,iowa_state_university,http://www.cs.iastate.edu/,0,0,ok,790,0,
Iowa State University,Computer Science,iowa_state_university,http://www.cs.iastate.edu/faculty/,0,0,ok,790,0,
Iowa State University,Computer Science,iowa_state_university,https://www.cs.iastate.edu/people,0,0,ok,790,0,
Iowa State University,Computer Science,iowa_state_university,https://www.cs.iastate.edu/people/faculty/,0,19570,ok,790,0,
Duke University,Computer Science,duke_university,http://www.cs.duke.edu/faculty/,0,0,ok,1140,0,
Duke University,Computer Science,duke_university,http://www.cs.duke.edu/people/,0,0,ok,1140,0,
Duke University,Computer Science,duke_university,http://www.cs.duke.edu/people/faculty/,0,0,ok,1140,0,
Duke University,Computer Science,duke_university,https://cs.duke.edu/people/,0,40318,ok,1140,0,
Duke University,Computer Science,duke_university,https://cs.duke.edu/people/faculty,0,0,ok,1140,0,
